listing,media_preco_ocupado,media_preco_disponivel,ocupacao_ainda_disponivel
AAF378,583.0,500.0,2
AAL0204,124.18,120.0,1
AAP1405,184.96,138.0,1
AAP1507,154.29,139.0,2
AAR0101,110.0,100.0,1
AAR0203,151.24,120.0,1
ABC0202,,,0
ABC0403,265.93,,0
ABL0138,123.64,,0
ABM0101,631.53,480.0,2
ABY40002,171.29,174.0,3
ACB0202,325.04,153.67,3
ACB0204,361.77,155.5,2
ACE0201,126.84,130.0,2
ACG302,122.77,,0
ACI0320,144.55,172.0,1
ACL0303,132.67,141.0,4
ACM0865,193.1,162.0,1
ACO1103,197.27,,0
ACO803,209.08,140.0,2
ACT029,474.58,377.0,1
ADC0205,293.0,,0
ADC104,298.88,249.5,2
ADC105,320.43,,0
ADE0003,,142.8,5
ADJ205,,,0
ADP001,,,0
ADS0103,161.73,120.0,1
ADV306,126.13,,0
AGA0203,214.12,,0
AGS0642,318.27,220.0,2
AHO1402,216.31,208.8,5
AIA2200,122.77,110.0,3
AIR1407,275.69,333.0,5
AIR1414,298.2,333.0,2
AIR1507,280.1,333.0,5
AIR1607,324.22,333.0,3
AIS0305,125.43,,0
ALI024,393.89,500.0,2
ALR0802,275.53,173.0,1
ALT0402,370.0,315.5,4
ALU0123,302.5,,0
AMC0202,108.63,108.0,1
AMC0204,,160.0,5
APC0207,181.0,333.0,3
APC2200,257.78,,0
APG1103,194.92,,0
APS1005,169.08,150.6,5
AQT0604,202.75,180.0,2
ARK0201,239.12,210.33,3
ARN0104,202.1,150.0,1
ART003,135.0,172.6,5
ASK0003,104.9,104.0,2
ASK001,119.21,94.67,3
ASK002,109.88,99.5,4
ASR204,500.0,500.0,4
AST0103,222.54,248.0,2
ATB2014,191.08,174.6,5
ATC0301,136.35,150.0,3
ATE0302,126.4,,0
ATO3091,153.84,,0
ATP0001,488.18,510.8,5
ATP0002,,,0
ATP0003,516.67,500.0,3
ATP0006,543.0,518.0,3
ATP0008,521.11,,0
ATT0602,219.82,,0
AVM0011,262.94,250.0,2
AVR0203,174.14,,0
AYA201,202.16,160.0,3
AYR0202,163.48,210.75,4
BAB0202,147.07,127.0,2
BBC0004,,500.0,5
BBH1003,187.84,140.0,2
BCA0211,227.64,,0
BCA0601,183.19,,0
BCA1409,247.63,238.0,1
BCA1804,159.57,203.0,1
BCA2004,158.0,203.0,1
BCI1603,152.96,,0
BCL0507,190.27,176.5,4
BCL402,186.33,176.5,4
BCY2001,371.23,,0
BDR521,137.0,123.0,1
BDR522,129.76,,0
BDR523,128.67,126.0,4
BEH2209,171.55,177.2,5
BEL0201,,1200.0,5
BER0202,,133.2,5
BFC301,186.92,165.2,5
BFH0101,205.3,130.0,1
BFT2905,162.26,147.0,1
BFT3015,176.83,140.0,1
BFT3207,160.17,154.0,2
BHE0405,200.0,,0
BHY0614,197.65,170.0,1
BIA035,425.41,261.0,2
BIO0079,,455.0,5
BLB0507,177.85,,0
BLB1004,185.22,160.0,1
BLB1206,182.57,183.0,2
BLB1306,181.48,160.0,1
BLB1502,197.65,,0
BLF0005,190.0,,0
BLI1801,259.36,,0
BLN0802,151.0,125.0,3
BLS0355,178.63,150.0,2
BLS0358,186.29,196.0,3
BLS0754,237.1,208.0,2
BLS1251,180.05,215.0,3
BLS1253,194.17,220.4,5
BLS1256,187.25,184.0,2
BLS1257,203.3,196.0,3
BLS1354,196.0,196.0,3
BLS1355,188.5,149.0,1
BLS1553,198.44,196.0,3
BLS1755,189.25,176.0,3
BLSA1455,211.44,198.0,1
BLSA1655,206.17,,0
BLSA1656,182.48,208.0,2
BLT0007,157.6,151.0,4
BLU0206,185.94,158.5,4
BLV0002,181.63,,0
BLV0005,145.73,191.0,5
BMC1008,149.05,130.0,3
BMR0004,239.9,192.75,4
BOU0101,99.81,117.4,5
BOU201,119.75,,0
BPA0103,261.32,,0
BPM0807,195.08,179.0,1
BPM1309,164.52,140.0,2
BRI0102,193.52,,0
BRJ143,195.46,150.0,3
BRR0097,184.61,,0
BSD1501,408.76,,0
BSL190,395.21,,0
BSO0101,128.59,120.0,1
BSO0102,131.77,120.0,2
BSO0103,141.12,,0
BSO0104,136.11,120.0,1
BSO0105,130.34,,0
BSO0106,135.52,120.0,2
BSO0107,132.65,129.0,2
BSO0201,128.25,120.0,1
BSO0202,131.24,120.0,3
BSO0203,126.84,120.0,1
BSO0204,130.15,120.0,1
BSO0205,139.08,120.0,3
BSO0206,127.65,120.0,3
BSO0207,125.91,120.0,3
BSR0203,137.17,,0
BSS0703,174.33,156.0,3
BTI003,118.7,,0
BTR0302,129.83,,0
BVA0303,156.29,195.0,1
BVA0601,147.81,130.0,1
BVA0705,145.94,130.0,4
BVE101,182.42,161.0,1
BVT0418,186.45,,0
CAA103,113.77,,0
CAC025,159.06,155.0,5
CAC0301,153.77,153.5,4
CAC106,,,0
CAG0003,405.0,356.4,5
CAH014,190.64,333.0,2
CAN304,98.61,90.0,2
CAP0302,317.64,230.0,3
CAR0106,134.1,,0
CAR0107,129.25,,0
CAR0206,133.68,125.0,1
CARA0501,134.0,,0
CAS0031,167.81,130.0,1
CAS014,140.72,113.0,3
CAT406,193.36,126.0,2
CAU0199,128.13,120.0,1
CAV0411,149.4,,0
CAY0123,113.56,105.0,1
CBA0902,,370.0,5
CBD112,167.44,,0
CBE0201,164.93,,0
CBE105,116.05,121.0,2
CBL307,200.94,150.0,2
CBLS0102,264.63,243.0,2
CBU203,247.0,196.0,1
CCA201,298.74,,0
CCB103,290.4,273.0,2
CCC0302,152.21,151.0,3
CCI003,,528.0,5
CCI210,200.0,208.0,1
CCL0004,,1000.0,5
CCM0008,,,0
CCM004,136.56,,0
CCP0207,143.18,120.0,1
CCR0022,195.69,234.0,4
CCS0205,169.59,160.0,1
CCS201,142.69,120.0,3
CCU203,156.31,158.0,3
CDA1647,501.05,,0
CDL0005,390.0,342.0,2
CDM0101,146.0,140.0,2
CDN101,153.38,,0
CDN206,190.37,,0
CDS0401,203.83,180.0,1
CDV042,122.25,116.8,5
CEC0302,116.73,110.0,3
CEC0801,161.57,145.67,3
CED0107,217.16,,0
CEE202,,,0
CEG0202,138.0,,0
CEI0304,207.83,201.2,5
CEJ0304,200.18,,0
CEL1804,174.69,186.0,1
CEN0035,162.11,150.0,3
CEO0104,121.43,,0
CEP0128,200.86,166.5,2
CEP093,277.0,,0
CET1604,283.7,,0
CET1702,428.25,,0
CET603,264.68,,0
CET802,214.83,,0
CEV1106,114.83,,0
CEV1206,110.0,,0
CEV2304,120.57,,0
CFA0508,105.4,94.67,3
CFR0209,176.79,140.0,2
CGB0035,193.35,149.0,1
CGF135,177.05,149.0,3
CGR209,115.7,110.0,3
CGS0002,296.3,,0
CHE0401,781.0,781.0,1
CHR025,177.25,171.0,2
CIA2313,357.53,361.5,2
CIE0101,111.96,,0
CIE0202,121.69,,0
CII0601,152.45,129.75,4
CII0602,150.36,125.0,3
CLE1202,226.68,175.0,1
CLE1203,183.54,134.5,2
CLG0408,167.0,157.67,3
CLR0211,212.08,194.0,2
CLR314,235.39,205.0,1
CMC101,144.43,137.0,3
CME0107,229.33,150.0,2
CMH0202,491.78,220.0,1
CMI0301,135.71,144.0,5
CMP0002,105.48,117.0,1
CMR204,190.6,164.75,4
CMT0404,249.5,221.0,3
CMV004,669.37,,0
CNA001,791.53,630.0,3
CNA002,752.83,630.0,2
CNA003,744.45,630.0,3
CNA004,739.8,630.0,3
CNA005,750.88,630.0,3
CNA006,800.89,570.0,1
CNA007,911.06,,0
CNA008,874.71,675.0,3
CNA009,700.5,574.0,2
CNA010,736.7,713.0,1
CNA011,718.18,,0
CNA012,733.7,494.0,1
CNA013,760.72,498.0,2
CNA014,689.2,494.0,1
CNA015,710.74,494.0,1
CNB001,725.74,414.0,3
CNB002,667.7,400.0,2
CNB003,650.05,400.0,1
CNB004,764.38,414.0,3
CNB005,663.0,456.0,3
CNB006,843.67,414.0,3
CNB007,840.89,414.0,3
CNB008,672.9,,0
CNB009,710.91,456.0,3
CNB010,812.75,400.0,3
CNB011,823.85,414.0,2
CNB012,689.81,414.0,3
CNB013,827.92,414.0,2
CND0204,,244.2,5
CNT303,185.17,153.0,1
CNU202,147.0,137.0,3
COA0314,235.04,200.0,1
COE0406,271.0,240.5,4
COI0408,160.25,167.0,1
COI203,,,0
COI302,143.85,142.0,2
COL102,146.67,,0
COM305,132.52,124.5,4
CON0101,390.0,390.0,5
CON1206,153.04,144.0,2
CON1506,151.63,149.6,5
CON408,154.04,147.5,4
COS302,279.12,,0
COT0081,224.47,,0
CPI0208,117.83,90.0,3
CPJ0404,,900.0,1
CPJ504,176.21,160.0,1
CPK0803,272.81,220.0,2
CPK1009,244.83,,0
CPL025,202.89,176.0,1
CPM0303,230.52,,0
CPM1110,236.11,181.0,1
CPN0002,,,0
CPN0303,250.41,,0
CPR0025,,,0
CPR0106,,,0
CPR0107,,326.0,5
CPR0108,,326.0,5
CPR0202,,409.0,5
CPR0207,400.0,400.0,5
CQS0004,218.46,200.0,2
CRA304,114.59,110.0,2
CRI0301,142.0,135.0,4
CRJ101,,,0
CRM0201,217.53,,0
CRM0212,265.75,207.0,2
CRN0705,289.33,205.0,1
CRR201,171.75,150.0,1
CRVA0007,,,0
CSC0212,119.09,195.0,3
CSCA1110,129.89,160.0,1
CSCD0013,123.52,,0
CSCG0110,125.58,136.0,1
CSD0101,160.8,,0
CSD0302,213.7,,0
CSD0403,184.27,,0
CSE0102,260.13,,0
CSF0202,270.56,,0
CSG305,136.54,140.0,2
CSI0302,125.63,120.0,3
CSP0407,300.64,203.0,2
CSP0914,166.82,,0
CST0905,121.87,,0
CSU0402,164.37,135.0,1
CTA022,226.0,,0
CTB2405,214.3,181.0,1
CTB2505,218.75,190.0,1
CTD0101,100.58,100.0,2
CTD0301,112.73,100.0,4
CTD0302,110.5,100.0,2
CTD0401,110.07,100.0,3
CTM0000,231.61,180.0,3
CTP1103,200.4,,0
CTS0203,193.63,162.0,2
CUA001,116.21,118.5,2
CUR0905,124.81,,0
CVA305,190.54,173.0,1
CVAF0220,232.83,180.0,2
CVB0144,,550.0,4
CVE402,158.08,130.0,1
CVI0012,255.5,150.0,3
CVKB0006,314.5,187.0,2
CVPA103,165.41,221.0,3
CVPF102,209.69,,0
CVY0306,185.77,165.2,5
CZZ0302,188.08,146.0,3
CZZ0304,196.19,181.5,2
CZZ0402,205.52,179.0,3
CZZ0403,199.27,146.0,3
CZZ0404,220.91,146.0,3
CZZ0405,203.4,162.0,3
CZZ0406,229.75,162.0,3
CZZ0503,252.94,177.75,4
CZZ0504,174.0,162.0,3
CZZ0505,206.95,162.0,3
CZZ0507,195.72,179.0,3
CZZ0508,466.0,,0
CZZ0602,420.94,333.0,1
DAC0202,124.05,113.0,1
DAC0402,230.0,113.0,1
DAL207,215.45,153.0,3
DAL221,193.22,,0
DAL312,208.26,153.0,2
DBH0804,135.71,138.0,5
DBH0807,145.53,110.0,2
DBR0805,171.57,,0
DDL0206,238.55,,0
DIA0004,306.0,159.0,1
DIO0507,158.5,180.0,4
DIO1602,180.45,174.0,3
DJB2064,909.67,612.0,1
DLH0103,377.59,301.0,3
DLH0105,345.2,301.0,3
DLH0201,419.64,331.0,2
DLH0202,351.48,,0
DLH0204,360.0,286.0,1
DLH0205,334.41,286.0,1
DLH0206,269.0,202.0,3
DLH0302,387.92,256.0,2
DLH0303,344.82,331.0,3
DLH0306,273.24,213.0,1
DLH0501,451.52,315.0,1
DME025,483.75,360.0,2
DMS0104,349.0,271.0,3
DMS0106,395.88,281.25,4
DMS0107,800.0,800.0,2
DMS0203,402.13,282.0,2
DMS0304,431.96,331.0,3
DNAB1503,177.3,186.75,4
DNAG0706,189.78,198.0,1
DNAG1701,204.53,208.0,3
DNAG1702,202.39,218.33,3
DNAG2001,187.24,215.0,2
DNL0602,,,0
DOJ0690,,286.2,5
DON0504,240.42,180.0,1
DOV108,235.35,182.0,1
DPA210,177.31,,0
DPAC0116,166.52,,0
DPR0001,118.77,110.0,2
DPR0002,114.95,110.0,2
DPR0003,111.71,113.6,5
DPR0006,121.24,113.6,5
DPR0007,132.88,130.0,2
DPR0009,104.35,113.6,5
DRB0205,300.27,184.0,1
DRL0103,139.04,120.0,2
DRL0207,167.0,120.0,2
DRP1001,155.53,138.0,5
DSG1301,309.07,247.0,1
DSH1702,147.71,130.0,2
DVM0202,148.4,313.0,4
EAA805,145.05,126.0,4
EAB0201,156.48,200.0,3
EAB203,,,0
EAC1302,191.05,130.0,3
EAC1303,139.56,127.0,1
EAC1304,138.48,106.0,5
EAC403,109.89,100.0,1
EAC404,146.08,110.0,2
EAL0704,166.12,110.0,3
EAN503,242.95,130.0,1
EAR0401,224.75,207.0,1
EAR0411,394.31,,0
EAS0102,245.71,150.0,1
EATNR0205,264.94,187.0,1
EAZ305,264.43,350.0,5
EBA0401,125.0,,0
EBC0603,255.33,250.0,4
EBI0303,160.42,124.0,1
EBI0603,156.17,127.8,5
ECE104,130.29,140.4,5
ECF0306,156.36,140.0,1
ECH0503,203.36,168.0,2
ECH113,265.05,234.0,3
ECH504,255.81,234.0,3
ECI0201,126.1,,0
ECL1902,186.91,139.8,5
ECM0206,132.71,131.0,1
ECM204,154.45,,0
ECP055,138.68,,0
ECU102,135.43,,0
EDA0001,199.46,333.0,5
EDC402,254.65,199.0,2
EDE,157.58,137.0,1
EDF0503,189.11,218.0,1
EDF1501,190.37,210.8,5
EDF1605,188.47,206.5,2
EDF1707,156.8,183.0,2
EDG401,162.81,,0
EDG402,150.76,,0
EDG403,148.08,100.0,1
EDJ0410,133.94,123.0,2
EDN1001,151.07,,0
EDT0009,211.0,248.0,2
EDT0010,233.89,225.0,3
EDT0011,242.46,259.0,3
EEC0403,126.1,95.0,2
EEI0303,180.0,,0
EEP0602,128.71,,0
EEP0801,150.17,130.0,1
EEP0802,129.65,127.0,1
EEP0901,160.62,130.0,3
EEP0902,134.21,127.0,1
EEP1101,151.12,,0
EEP1102,133.28,110.0,2
EEZ0301,288.0,288.0,5
EFE0803,208.62,150.0,2
EFP0356,116.39,,0
EFR0104,187.8,162.5,4
EFR203,346.44,266.0,2
EGC001,190.25,150.0,3
EGF000,227.4,390.0,1
EGI001,410.6,351.0,1
EGP0802,250.58,,0
EHI0401,243.7,185.0,2
EHI0802,283.5,215.0,1
EHS0117,167.69,,0
EII0304,176.59,,0
EIO203,129.69,,0
EIO6031,127.83,120.0,2
EIS305,234.0,234.0,4
EIT302,162.65,,0
EJF0702,157.82,,0
EJO0305,252.25,238.25,4
EJO0401,131.25,115.0,2
EJO0402,148.6,98.0,2
EJO0403,142.56,115.0,3
EKD0397,161.59,140.0,2
EKO0008,218.0,212.0,5
ELF0303,213.0,201.0,5
ELF0304,203.0,201.0,5
ELF0310,,,0
ELF0401,192.0,183.0,2
ELF0402,213.0,194.25,4
ELF0403,216.75,201.0,5
ELF0405,208.58,183.0,1
ELF0407,201.0,183.0,1
ELF0408,201.0,183.0,3
ELF0410,205.5,183.0,3
ELF0411,128.0,,0
ELF0412,216.75,201.0,5
ELF0502,193.0,183.0,2
ELF0503,233.81,194.25,4
ELF0504,213.0,201.0,5
ELF0602,209.13,183.0,1
ELF0607,196.5,183.0,1
ELF0609,150.0,180.0,2
ELF0612,205.37,228.0,1
ELG0071,141.0,127.2,5
ELK0101,240.15,213.0,2
ELLC0000,151.87,138.0,5
ELM701,155.54,,0
ELO0207,,130.2,5
ELR0507,,147.6,5
ELS0606,103.89,100.0,5
ELU0211,184.73,160.0,1
ELU0311,246.96,,0
ELU106,194.22,,0
ELU109,183.75,195.75,4
ELU207,176.07,170.67,3
ELY0201,156.69,135.0,3
EMA0201,240.23,,0
EMA101,214.0,180.0,2
EMB686,235.0,235.0,5
EME0218,198.14,175.0,3
EMF1003,148.96,125.0,2
EMM0202,164.93,130.0,3
EMP2201,184.86,,0
EMR302,187.5,180.0,2
EMT203,156.58,,0
EMZ0504,145.29,110.0,2
ENC0307,233.24,185.0,2
ENE0218,234.33,,0
ENP0607,152.47,130.0,1
ENU011,171.06,161.0,1
EOA0803,352.47,,0
EOX0102,265.29,234.0,3
EOX0705,116.18,94.0,3
EPC025,190.0,,0
EPE0304,175.0,153.0,3
EPF202,157.5,127.0,1
EPK0302,300.96,279.0,1
EPK0402,300.33,309.5,2
EPK0802,280.48,276.0,3
EPK0903,335.28,323.0,1
EPM0803,94.9,93.5,4
EPO001,170.15,,0
EPP0602,154.11,130.0,3
ERE0302,,100.2,5
ERE418,124.33,106.0,5
ERG605,164.4,130.0,2
ERJ101,217.69,,0
ERN0503,190.0,190.0,5
ERT0210,181.93,,0
ERU032,120.57,105.0,3
ERV0101,182.06,160.0,2
ERZ0502,145.58,275.0,5
ESA0902,377.17,,0
ESA901,214.8,180.0,2
ESB0310,,355.2,5
ESD143,185.58,161.0,2
ESE0102,260.57,180.0,2
ESM602,143.58,138.0,1
ESN0505,281.85,,0
ESP0301,189.67,180.0,1
ESR1912,263.82,176.0,1
ESS0505,172.91,144.0,3
ESS1004,166.3,135.0,2
EST0301,186.86,150.0,2
ESZ0103,172.26,191.0,1
ETC0028,295.13,230.0,1
ETD0101,127.67,140.4,5
ETE0304,253.0,,0
ETE0308,209.89,150.0,1
ETHA604,196.47,177.6,5
ETI0724,202.39,130.0,2
ETL2702,662.68,400.0,1
ETN0211,,,0
ETP1002,171.0,132.6,5
ETPA1103,200.42,125.0,1
ETY0024,215.38,160.0,3
EUB0902,158.46,150.0,2
EUB1006,160.81,150.0,2
EUB1602,172.95,152.6,5
EVA0301,159.91,,0
EVA0506,122.75,,0
EVA1005,130.21,,0
EVA105,172.05,130.0,2
EVA704,178.04,,0
EVA806,148.95,130.0,1
EVB308,180.37,120.0,1
EVE0104,172.8,,0
EVM1012,198.07,,0
EVO0801,241.41,200.0,2
EVR1403,166.25,169.6,5
EVR1703,166.86,172.0,4
EVZ0601,156.89,300.0,1
FDK0074,236.55,181.0,1
FDL101,,160.0,5
FDL103,160.0,160.0,5
FLO001,,201.6,5
FLT0001,87.5,80.0,2
FLT0002,93.0,,0
FLT0004,85.26,84.0,3
FLT0011,87.57,,0
FMI0218,190.23,,0
FML202,,,0
FNX0101,190.0,190.0,3
FRE2112,176.2,209.0,1
FTM0401,138.96,,0
GBA1104,184.75,176.6,5
GBA908,175.1,176.6,5
GBL601,161.55,130.0,3
GCH0201,200.0,200.0,2
GCO0302,152.0,130.0,2
GDI268,,141.2,5
GDP0008,208.0,166.0,5
GDP0010,175.44,170.0,2
GDP0107,204.46,,0
GEN0102,130.18,110.0,3
GET0302,279.73,273.6,5
GET0706,307.62,306.0,2
GGE203,215.4,219.0,3
GGR0702,206.8,180.0,2
GIU0001,173.67,215.8,5
GIU0003,167.83,220.2,5
GLA0037,176.12,,0
GMB0414,288.12,253.0,1
GOS1007,210.36,,0
GPK0115,166.13,179.4,5
GPL1305,281.04,,0
GPS0102,121.56,120.25,4
GRB0917,160.43,150.0,5
GRI1305,240.67,296.0,5
GRI1506,155.53,145.0,3
GSH0101,424.68,200.0,2
GSH0102,291.21,313.0,3
GSH2101,304.72,315.0,2
GSS0488,205.45,215.0,5
GTR0301,247.55,170.0,2
GUA1902,244.46,,0
GVM133,157.83,158.8,5
HAI0203,131.33,118.5,4
HAI0702,156.1,114.25,4
HAI406,151.47,115.67,3
HAL103,237.45,242.0,3
HBA0309,234.88,234.0,1
HBW2317,279.69,,0
HFO0208,129.24,,0
HIG1003,228.0,,0
HIN0117,170.25,180.0,4
HMA0305,190.86,162.0,1
HMC0320,170.87,180.33,3
HMO0409,212.27,202.25,4
HMO0410,206.36,,0
HOA0704,160.09,181.75,4
HOA0906,214.11,229.2,5
HOX1010,232.48,,0
HPN0618,140.0,154.4,5
HPN707,126.18,125.0,5
HRE0025,223.74,200.0,2
HRE0035,280.46,,0
HSC0518,158.83,149.0,1
HSS0007,152.42,135.0,4
HYP0202,,174.6,5
IAA0502,224.48,160.0,1
IAA0503,241.92,,0
IAA0504,236.58,160.0,1
IAA1002,224.73,160.0,2
IAA1003,231.93,,0
IAA1004,248.0,,0
IAB109,350.0,350.0,3
IAP0403,145.62,,0
IAP103,124.45,131.0,4
IBC0205,346.7,,0
IBE104,177.61,,0
IBI307,217.43,184.0,1
IBL103,134.79,110.0,1
IBY1613,243.32,,0
ICT0104B,125.35,,0
IDA101,196.25,,0
IDA105,135.36,120.0,1
IDC0102,228.5,184.33,3
IDF105,132.21,,0
IDI0306,165.75,,0
IDN0402,220.0,,0
IDO207,210.0,,0
IDP104,228.37,180.0,2
IDP204,217.87,,0
IDVA0903,243.58,219.0,2
IDVB2602,157.46,159.0,3
IER0305,150.45,,0
IFT0808,145.25,120.0,1
IFT1003,125.38,124.0,1
IFT1005,130.7,,0
IFT1108,112.83,,0
IFT1203,117.04,120.0,1
IFT1208,130.53,120.0,2
IFT1304,130.25,,0
IFT1308,155.63,,0
IFT1405,320.0,320.0,3
IFT1802,122.18,,0
IHD0101,259.33,248.0,2
IHO127,131.18,160.0,3
IHO264,131.7,,0
ILC1206,322.2,260.0,1
ILC1211,306.13,260.0,3
ILC1212,380.41,,0
ILC1306,367.48,317.0,2
ILC1313,297.6,288.0,2
ILC1406,351.97,,0
ILC1506,427.26,446.0,2
ILC2106,367.39,317.0,3
ILC2108,469.62,,0
ILC2201,452.87,486.0,3
ILC2203,390.63,346.0,3
ILC2305,380.63,,0
ILC2307,344.81,,0
ILC2309,355.19,,0
ILC2310,387.42,405.0,2
ILC2314,339.93,,0
ILC2316,423.28,,0
ILC2403,385.13,286.0,2
ILC2412,343.9,286.0,1
ILC2413,316.31,,0
ILC2414,450.0,379.0,3
ILC2415,368.13,310.0,2
ILC2505,422.27,401.0,1
ILC2508,735.23,450.0,1
ILC3103,315.82,288.0,3
ILC3104,309.19,,0
ILC3105,296.06,260.0,3
ILC3109,372.59,292.0,1
ILC3111,327.14,317.0,3
ILC3113,286.3,240.0,1
ILC3208,374.74,405.0,2
ILC3209,427.8,379.0,2
ILC3308,358.5,405.0,2
ILC3312,328.12,333.0,1
ILC3313,298.54,245.0,2
ILC3315,354.42,,0
ILC3401,375.44,324.0,1
ILC3403,297.92,260.0,3
ILC3404,342.22,,0
ILC3405,288.5,317.0,2
ILC3412,790.0,790.0,2
ILC3413,307.04,240.0,2
ILC3415,436.47,357.0,1
ILC3503,414.28,,0
ILC3505,393.64,405.0,3
ILC4102,349.53,405.0,3
ILC4104,313.4,,0
ILC4107,339.17,365.0,3
ILC4112,316.47,,0
ILC4115,364.5,,0
ILC4202,369.26,,0
ILC4404,300.64,,0
ILC4406,370.75,346.0,3
ILC4415,367.11,405.0,3
ILC4501,648.3,,0
ILC4502,1500.0,1500.0,1
ILC4506,416.68,379.0,1
ILC4508,562.75,,0
ILH0107,156.14,,0
ILH106,300.75,250.0,1
ILH310,178.79,,0
IML0107,163.05,130.0,2
IPC0901,258.44,230.0,1
IPS0701,148.0,130.0,3
IPT0141,208.84,,0
IPTR0082,133.57,110.0,2
IPTR0171,166.69,,0
IRB203,338.18,264.0,1
IRB205,246.35,226.0,1
IRE0022,205.29,182.0,3
IRE021,194.18,300.0,5
ISC0906,159.35,,0
ISC1511,185.71,149.0,2
ISM0619,182.67,162.5,4
ISM0806,173.39,161.6,5
ITA0304,202.1,225.0,1
ITFA039,211.47,180.0,3
IVT1301,200.67,150.0,2
JAS0001,115.53,115.0,1
JAS0002,110.25,124.0,2
JAS0003,112.22,124.0,1
JAS0004,116.27,116.0,3
JAT0355,259.54,180.0,1
JBA202,138.84,,0
JBM201,205.15,,0
JBM202,198.2,,0
JBM302,224.86,175.75,4
JBN0043,198.05,177.0,3
JBV106,270.36,284.0,3
JBV108,352.46,,0
JBV115,289.81,241.0,2
JBV122,498.78,496.0,2
JBV124,322.11,363.0,3
JBV134,280.96,315.0,2
JBV141,351.3,,0
JBV142,367.92,300.0,3
JBV152,386.26,,0
JBV155,279.85,,0
JBV157,369.38,300.0,3
JBV165,283.12,315.0,3
JBV166,305.41,,0
JBV167,400.0,250.0,1
JBV173,265.96,241.0,2
JBV179,336.73,347.0,3
JBV207,469.07,,0
JBV208,420.48,379.0,2
JBV214,265.19,241.0,2
JBV222,553.86,496.0,2
JBV231,386.72,,0
JBV232,373.92,333.0,3
JBV242,371.14,250.0,1
JBV248,417.57,367.0,2
JBV252,488.0,333.0,3
JBV265,272.45,,0
JBV276,466.3,347.0,3
JBV279,338.58,347.0,3
JBV306,346.24,284.0,3
JBV325,317.68,290.0,1
JBV327,465.14,294.0,1
JBV328,340.04,333.0,3
JBV334,300.14,252.0,1
JBV344,275.0,315.0,2
JBV433,313.23,295.0,2
JBV462,694.75,694.0,1
JBV464,307.43,,0
JBV465,307.64,,0
JCS0004,123.28,90.0,1
JDA402,176.75,,0
JDE792,325.2,280.0,2
JFM0062,254.33,,0
JFM0101,153.65,130.0,3
JHG1733,111.76,109.0,4
JMA006,112.82,115.0,1
JMA008,,,0
JMA009,103.75,,0
JMA010,,106.0,5
JMA011,106.67,106.0,5
JMA025,,106.0,5
JMA125,100.0,106.0,5
JMAR004,,106.0,5
JPA102,196.0,196.0,5
JPR201,201.29,,0
JPR211,212.0,204.0,2
JPR212,319.61,,0
JPR217,194.5,,0
JPR410,394.96,250.0,1
JQP0521,138.36,,0
JRE1223,146.93,167.0,1
JRE417,147.0,,0
JRR205,196.4,182.67,3
JRR303,296.12,270.0,2
JRR309,528.17,365.67,3
JRR410,269.77,279.0,1
JSM0103,162.24,,0
JSO0007,,359.0,5
JSO0008,219.0,359.0,1
JSR112,173.4,140.0,1
JTL001,109.91,103.75,4
JTL002,111.25,106.0,5
JVV303,142.39,130.0,1
JZZ702,141.53,130.0,1
KPL0806,234.0,,0
LAR0406,341.12,318.0,1
LBH104,256.67,225.0,2
LBM306,,,0
LBO203,235.27,201.5,2
LDN201,245.83,,0
LEA0908,131.5,110.0,2
LEC0107,242.17,,0
LEC0228,202.24,220.0,3
LES106,262.21,,0
LES403,414.39,324.0,2
LFH0306,103.38,100.0,5
LGA0201,,625.0,5
LGD0201,357.83,247.0,2
LGD0205,246.0,257.6,5
LGR204,93.56,100.0,1
LHD0706,198.23,176.0,3
LHD2007,162.69,216.2,5
LHE0201,181.5,160.0,2
LHG1603,163.21,139.0,2
LIB203,131.95,148.6,5
LIV0512,167.34,,0
LIV0803,172.71,,0
LIV0810,209.9,,0
LIV0907,173.7,146.0,2
LIV1004,240.0,240.0,2
LIV1006,186.32,140.0,3
LIV1007,163.4,,0
LIV1011,177.81,160.5,4
LIV1104,189.71,140.0,1
LIV1204,370.57,466.0,5
LIV1310,159.88,155.67,3
LIV1408,203.86,,0
LIV1411,177.96,,0
LIV1605,260.1,,0
LIV1704,148.46,,0
LIV1705,149.75,,0
LIV1712,189.08,,0
LLE0204,,265.2,5
LLR802,515.21,,0
LNB502,400.0,400.0,5
LOF1405,224.91,181.0,1
LRC0703,299.0,,0
LRM0226,134.17,,0
LTL0301,152.04,130.0,3
LTT803,164.76,140.0,2
LUP0302,146.67,,0
LVL001,569.23,585.0,1
LVR0003,428.27,221.0,2
LVR010,514.0,243.0,3
MAB0203,,130.4,5
MADB1005,140.41,141.5,2
MAL0105,241.0,,0
MAP0803,,,5
MAR202,135.77,140.0,2
MAS0603,257.56,207.0,2
MBCA0302,215.08,176.0,3
MBCA0407,159.76,158.0,2
MBCA1704,161.45,144.0,3
MBCAR1203,259.05,273.0,2
MBH0601,129.65,109.5,2
MBI022,215.75,212.0,5
MCA0609,118.5,109.4,5
MCB0103,124.24,122.4,5
MCB0205,,250.0,5
MCB0706,122.0,122.4,5
MCB0807,124.8,122.4,5
MCB1001,128.42,123.6,5
MCB1002,127.64,122.4,5
MCB1106,139.45,122.4,5
MCD001,286.0,253.8,5
MCD002,479.67,276.0,1
MCG0006,,636.0,5
MDC0214,182.14,,0
MDC202,233.33,187.75,4
MDE0406,224.0,203.0,3
MDO201,252.76,167.0,3
MDR102,363.73,333.0,3
MDT016,,500.0,1
MER0671,637.7,,0
MFL1802,396.45,818.0,4
MGI0068,,1500.0,5
MGI024,656.52,572.0,2
MGI025,,600.0,5
MHB0302,270.1,,0
MHC0204,193.71,,0
MHE003,499.31,,0
MHE0111,234.19,250.0,1
MHE0114,431.92,,0
MHE0213,320.14,205.0,1
MHE213,345.6,280.0,1
MHF0501,159.2,150.0,2
MHF0502,,,0
MHF0508,201.8,196.0,2
MHF0509,189.29,170.0,3
MHF0601,162.1,150.0,3
MHF0607,280.0,280.0,4
MHF0703,220.0,220.0,5
MHF0704,162.56,150.0,2
MHF0801,166.76,159.0,1
MHF0802,183.85,170.0,3
MHF0805,158.63,,0
MHF0806,165.62,155.75,4
MHF0807,167.76,150.0,2
MHF0902,206.5,,0
MHF0904,163.0,,0
MHF0908,190.86,196.0,1
MHF1002,313.0,265.0,5
MHF1105,164.15,150.0,3
MHF1106,172.71,150.0,3
MHF1108,190.42,170.0,3
MHF1109,231.95,,0
MHF1201,161.14,159.0,1
MHF1202,313.0,265.0,5
MHF1203,,265.0,3
MHF1206,300.0,300.0,5
MHF1207,300.0,300.0,5
MHF1209,209.35,,0
MHF1303,174.4,159.0,3
MHF1402,185.05,170.0,1
MHF1404,200.73,159.0,2
MHF1408,220.88,178.67,3
MHF1409,202.31,170.0,3
MHF1504,171.54,,0
MHF1507,160.6,150.0,1
MHF1509,181.54,183.0,2
MHF1601,157.79,150.0,1
MHF1602,221.12,187.0,3
MHF1603,165.45,155.75,4
MHF1604,165.78,162.5,4
MHF1605,177.29,159.0,3
MHF1609,290.0,290.0,5
MHF1702,229.78,187.0,1
MHF1703,170.9,159.0,1
MHF1704,161.77,159.2,5
MHF1705,161.82,159.0,1
MHF1803,167.48,159.0,3
MHF1804,300.0,300.0,5
MHF1807,171.79,150.0,2
MHF1808,300.0,300.0,5
MHF1902,223.21,,0
MHF1903,220.0,220.0,5
MHF1907,182.5,159.0,2
MHF1908,196.64,202.5,4
MHF1909,206.5,196.0,1
MHF2001,158.0,,0
MHF2002,245.3,,0
MHF2105,200.56,159.0,3
MHF2107,,,0
MHF2109,192.52,,0
MHFA0503,126.92,126.0,3
MHFA0504,126.83,120.0,1
MHFA0506,126.88,120.0,3
MHFA0507,130.05,126.0,3
MHFA0604,127.56,120.0,2
MHFA0605,136.96,,0
MHFA0705,128.22,129.0,2
MHFA0903,134.57,120.0,2
MHFA0905,128.96,120.0,3
MHFA1204,180.0,,0
MHFA1307,142.4,,0
MHFA1607,154.17,164.0,3
MHFA2005,139.33,129.0,2
MHFA2007,288.0,288.0,5
MHFB0503,129.64,120.0,3
MHFB0504,131.58,,0
MHFB0506,140.16,,0
MHFB0507,132.5,120.0,3
MHFB0604,129.0,120.0,3
MHFB0605,130.94,124.5,4
MHFB0705,129.64,124.5,4
MHFB0903,133.35,120.0,2
MHFB0905,128.82,,0
MHFB1204,180.0,180.0,3
MHFB1307,138.26,120.0,1
MHFB1607,142.75,164.0,4
MHFB2005,137.24,,0
MHFB2007,181.25,288.0,5
MHR308,160.32,,0
MLB0402,,,0
MLN701,,,0
MLO0601,134.54,,0
MLU0306,185.0,120.0,1
MMD0305,181.09,,0
MMD0403,200.68,180.0,2
MMD0405,172.5,130.0,2
MMD0503,162.0,130.0,2
MMD0602,224.48,198.0,3
MMD0604,178.33,140.0,4
MMD0605,149.11,,0
MMP0137,191.44,180.0,2
MNDA0217,152.16,120.0,1
MOC0210,133.15,114.6,5
MOL0502,229.67,212.0,5
MON0099,127.06,115.67,3
MOP0103,218.04,,0
MOR0402,449.17,300.0,1
MOR307,181.95,170.67,3
MPA107,175.38,,0
MPB0034,189.05,140.0,2
MPK0119,176.0,179.0,1
MPL0004,215.25,179.4,5
MPL0215,199.29,222.75,4
MRD0061,203.33,166.0,4
MRD0501,355.94,,0
MRE1101,166.5,125.0,1
MRE801,178.54,169.6,5
MRN302,135.47,115.0,3
MRV0001,260.33,216.25,4
MSSO0902,216.64,176.0,2
MSSO1208,169.18,180.2,5
MSST1401,233.3,187.0,4
MTA0201,130.33,124.5,4
MTR1703,298.16,175.0,2
MTS1503,162.54,120.0,1
MUT0034,295.18,,0
MUT0036,,,0
MUT0047,262.7,,0
MUT0054,290.06,226.0,2
MUT0056,345.44,,0
MZD0308,196.86,,0
NAT0202,,312.8,5
NBL0401,135.69,136.67,3
NBL0402,140.94,134.0,5
NBL0606,150.17,136.67,3
NBL0910,146.27,134.0,5
NBL0911,143.43,134.0,5
NDE0001,168.3,,0
NDE0002,109.46,,0
NDE0003,138.0,134.4,5
NEB0103,158.37,140.0,3
NFE0708,166.5,,0
NFE1544,181.75,131.0,3
NGO0002,159.71,,0
NIK0504,189.0,165.2,5
NLUG0001,594.82,396.0,1
NLUH0008,692.06,,0
NLV0506,219.0,185.0,1
NNG0102,417.77,,0
NOA0616,187.63,,0
NOA0704,187.2,,0
NOA0705,197.94,153.0,4
NOA0919,234.75,174.4,5
NOA1014,195.25,144.0,3
NOH1302,224.28,,0
NON0609,186.62,167.0,1
NOR0101,206.64,216.0,3
NOR0102,231.76,227.8,5
NOR0201,180.19,,0
NOR0202,181.33,206.8,5
NOR0203,191.71,229.8,5
NOR0204,176.96,223.0,1
NPH0904,179.15,,0
NPZ093,269.48,,0
NRA0490,132.62,124.8,5
NRR128,165.39,124.5,4
NVI501,216.0,156.75,4
NVM0009,189.59,225.0,3
NVM0010,214.94,,0
NWC1510,209.78,131.0,2
NWT0304,298.37,280.0,3
NWT0305,285.25,280.0,2
NWT0308,352.09,,0
NWT0309,299.52,280.0,1
NWT0312,300.16,280.0,3
NWT0313,258.47,280.0,1
NWT0315,287.4,280.0,2
NWT0318,324.08,,0
NWT0319,308.68,280.0,2
NWT0323,265.8,280.0,1
NWT0404,267.89,280.0,2
NWT0412,704.0,704.0,5
NWT0417,278.52,280.0,2
NWT0418,331.73,280.0,2
NWT0419,317.48,,0
NWT0420,275.78,280.0,5
NWT0421,327.24,,0
NWT0423,271.32,280.0,4
NWT0502,305.38,280.0,3
NWT0503,300.7,280.0,4
NWT0504,288.26,280.0,2
NWT0505,295.77,280.0,4
NWT0508,288.05,,0
NWT0509,307.37,280.0,2
NWT0518,288.29,280.0,2
NWT0601,252.56,250.0,1
NWT0602,243.56,250.0,2
NWT0603,289.64,,0
NWT0604,251.79,,0
NWT0605,251.08,250.0,3
NWT0606,240.68,250.0,4
NWT0610,257.32,250.0,4
NWT0611,239.11,250.0,1
NWT0612,270.32,250.0,4
NWT0613,258.0,250.0,2
NWT0614,272.54,250.0,1
NWT0615,243.61,253.0,1
NWT0616,261.61,250.0,4
NWT0617,240.35,250.0,2
NWT0618,241.96,250.0,2
NWT0619,257.23,268.0,1
NWT0703,273.17,280.67,3
NWT0704,282.33,280.0,3
NWT0705,287.83,280.0,4
NWT0706,254.53,280.0,5
NWT0707,496.32,,0
NWT0708,378.64,400.0,3
NWT0709,449.23,,0
NWT0710,280.77,280.0,3
NWT0711,283.42,280.0,2
NWT0713,274.96,280.0,3
NWT0714,273.23,280.0,5
NWT0716,,280.0,2
NWT0802,292.14,280.0,2
NWT0803,281.96,,0
NWT0805,304.0,280.0,2
NWT0807,309.89,280.0,2
NWT0811,487.04,,0
NWT0812,301.79,280.0,5
NWT0813,281.04,282.0,3
NWT0814,322.26,280.0,5
NWT0815,263.88,280.0,5
NWT0816,274.59,280.0,5
NWT0817,269.33,280.0,2
NWT0901,400.0,400.0,5
NWT0902,265.0,250.0,3
NWT0903,244.63,250.0,1
NWT0904,273.5,250.0,2
NWT0905,229.33,250.0,5
NWT0906,313.96,250.0,3
NWT0907,252.23,250.0,4
NWT0908,275.26,250.0,1
NWT0909,269.61,,0
NWT0910,559.33,600.0,2
NWT0911,517.89,600.0,1
NWT0912,280.08,250.0,1
NWT0913,262.7,250.0,2
NWT0914,280.11,282.0,2
NWT0915,237.23,250.0,4
NWT0916,253.27,,0
NWT0917,252.26,250.0,2
NWT0918,260.23,290.25,4
NWT0919,254.04,250.0,2
NWT0920,274.26,,0
NWT0921,280.14,,0
NWT0922,265.23,,0
NWT0923,269.5,,0
NWT0924,361.54,400.0,5
NWT1001,288.91,281.33,3
NWT1002,269.16,280.0,2
NWT1003,282.67,282.0,3
NWT1004,279.35,280.0,3
NWT1005,275.14,280.0,1
NWT1006,266.48,280.0,2
NWT1007,270.64,280.0,1
NWT1008,306.54,295.2,5
NWT1009,314.71,282.0,3
NWT1010,447.79,400.0,2
NWT1011,442.52,437.33,3
NWT1012,331.61,280.0,2
NWT1013,373.92,280.0,2
NWT1019,297.54,282.0,2
NWT1020,266.94,280.0,5
NWT1021,262.53,295.2,5
NWT1022,260.57,280.0,3
NWT1023,296.67,,0
NWT1024,328.77,280.0,1
NWT1103,282.77,,0
NWT1113,315.22,280.0,3
NWT1115,311.72,,0
NWT1123,268.75,280.0,5
NWT1203,310.45,290.25,4
NWT1213,286.3,280.0,4
NWT1214,269.37,,0
NWT1217,298.62,280.0,4
NWT1218,631.0,631.0,5
NWT1222,363.08,282.0,2
NWT1223,354.25,295.2,5
NWT1302,297.63,282.0,1
NWT1303,313.0,,0
NWT1304,303.7,280.0,2
NWT1306,287.66,,0
NWT1307,284.58,,0
NWT1308,301.72,290.25,4
NWT1309,343.38,280.0,1
NWT1313,299.57,280.0,1
NWT1316,347.0,,0
NWT1320,296.53,,0
NWT1322,326.9,,0
NWT1323,267.04,290.25,4
NWT1324,350.48,280.0,1
NWT1404,303.0,280.0,1
NWT1407,279.9,280.0,1
NWT1414,310.14,295.2,5
NWT1418,369.78,304.0,3
NWT1419,314.46,,0
NWT1421,288.09,280.0,3
NWT1423,299.12,280.0,2
NWT1502,366.5,,0
NWT1503,338.04,280.0,2
NWTA0607,458.36,400.0,1
NWTA0608,372.83,400.0,1
NWTA0609,409.35,400.0,1
NWTB0607,399.04,400.0,2
NWTB0608,391.05,400.0,2
NWTB0609,381.7,400.0,1
NXO0404,221.57,,0
NXO0603,328.11,177.0,3
NXO2104,273.8,177.0,3
OAG0505,254.1,203.5,2
OAG0507,262.5,230.0,3
OAG0820,330.3,241.33,3
OBD2108,229.35,231.0,5
OBP0201,252.25,207.5,4
OBP0301,329.33,230.0,1
OBP0303,273.04,200.0,1
OBP0305,210.47,,0
OBP0602,214.5,176.0,3
OBS0101,136.0,105.0,3
OBS0201,111.87,109.4,5
OBS0301,133.22,120.0,3
OCB0204,209.87,234.0,1
OCB0901,239.54,,0
ODE1710,169.25,,0
ODM1203,,168.6,5
OGD0401,167.15,130.0,1
OGD0704,242.71,,0
OKA0135,152.0,124.0,3
OKA0221,157.22,151.0,2
OKA101,140.71,120.0,1
OKA102,160.0,159.25,4
OKA105,156.88,150.0,4
OKA110,149.96,137.0,2
OKA111,137.43,138.0,1
OKA120,153.39,151.0,3
OKA124,152.9,120.0,1
OKA128,189.83,,0
OKA131,162.0,121.0,1
OKA134,146.58,,0
OKA139,148.56,151.0,3
OKA142,189.05,151.0,1
OKA204,170.83,,0
OKA206,188.21,,0
OKA213,151.23,,0
OKA216,190.6,181.0,2
OKA224,163.78,121.0,1
OKA233,163.39,178.0,2
OLN1702,200.95,165.75,4
OMC1303,115.24,105.0,3
ONE0404,159.93,,0
ONE0405,150.91,130.0,1
ONE0407,154.47,,0
ONJ2612,218.94,,0
ONJ2712,200.3,160.25,4
ONP0920,172.21,158.0,2
ONP1701,182.9,170.0,3
ONP1716,196.88,165.2,5
ONP2021,196.25,164.0,3
ONX0908,170.78,,0
ONX1005,160.88,,0
ONX1410,158.73,,0
ONX1411,170.44,162.0,2
OPR0303,137.66,,0
OPT504,120.41,104.0,1
OPX0194,,,0
ORN0101,142.52,140.0,4
OSH,259.47,230.0,3
PAD0103,218.79,,0
PAI0303,151.57,,0
PAN0301,223.86,218.5,4
PAR0001,333.13,253.0,2
PAR0002,264.12,244.0,2
PAR0003,269.09,,0
PBR0003,357.44,,0
PDA0010,291.14,234.0,2
PDA0736,,424.0,5
PDAA0611,455.0,455.0,2
PDC001,118.0,,0
PDC301,120.69,114.25,4
PDG0202,154.75,148.4,5
PDL005,148.18,191.0,5
PDM0002,173.86,215.8,5
PDM005,195.25,203.0,3
PDM0208,270.83,,0
PDN0113,209.63,130.0,3
PDP0301,154.27,131.33,3
PDP904,350.0,350.0,3
PDU0033,180.0,180.0,5
PEA1301,232.36,224.4,5
PEM1301,110.06,,0
PET0008,263.82,409.0,5
PET0011,364.0,364.0,1
PEV025,279.11,220.0,1
PFN0007,157.33,191.0,5
PGL0301,275.0,,0
PGO0205,159.18,121.0,3
PGO0406,167.27,120.0,3
PGO209,155.69,121.0,2
PGO210,165.75,,0
PGO301,124.22,90.0,1
PGO309,167.7,120.0,2
PGO310,158.3,148.0,3
PGO402,184.58,135.0,3
PGO412,173.95,148.0,3
PGR1101,280.0,280.0,5
PHA0023,161.83,184.0,3
PIC0125,123.09,,0
PIR0014,158.18,,0
PKS0115,167.35,158.0,3
PKS0205,174.48,160.0,2
PLA0408,131.11,130.0,5
PLG0012,158.24,,0
PLN0415,147.5,150.0,4
PLO0004,,,0
PMC0400,220.76,200.0,2
PMN0901,351.0,351.0,3
PMO0404,280.0,280.0,1
PNA0402,204.48,184.0,1
PNJ0203,179.42,180.0,1
PNM0202,196.47,185.25,4
POL406,247.45,172.0,2
POR0017,178.45,215.2,5
POR0101,276.89,250.0,2
POR204,312.65,,0
POR410,347.6,250.0,1
POS0205,106.71,108.0,3
POSA303,,,0
POSC0311,144.68,148.6,5
PPB0603,255.95,219.0,1
PPB1206,251.33,219.0,1
PPE0302,202.88,180.5,2
PRA0304,,528.0,5
PRB0405,371.38,243.0,2
PRJ001,90.0,90.0,5
PRJ002,,90.0,5
PRJ003,94.0,90.0,5
PRJ004,90.9,90.0,5
PRJ025,,90.0,5
PRM007,207.5,179.0,2
PRN0001,93.65,,0
PRN0002,94.2,90.0,3
PRN0003,146.5,110.0,1
PRV0404,176.87,115.5,2
PRV1003,166.88,168.5,4
PRY0002,,,0
PRY0003,,,0
PSD101,110.44,114.0,3
PSD102,108.9,113.6,5
PSD103,104.0,116.0,3
PSD201,172.8,103.0,1
PSD202,102.0,,0
PSD204,97.77,,0
PSD205,105.52,104.0,1
PSD206,110.14,114.5,4
PSD301,124.67,106.5,2
PSJ0304,180.5,,0
PSMC003,319.13,333.0,5
PSN001,,,0
PSO0302,132.85,115.0,3
PSO0304,139.79,115.0,1
PSO0305,144.05,115.0,3
PSO0306,142.47,140.0,5
PSO0309,129.11,122.2,5
PSO0310,125.32,119.5,4
PSO0401,154.0,,0
PSO0411,151.79,,0
PSO0501,154.97,,0
PSO0503,132.5,,0
PSO0504,130.81,,0
PSO0505,128.59,115.0,1
PSO0509,144.05,115.0,3
PSO0601,136.21,,0
PSO0603,146.04,,0
PSO0604,136.11,,0
PSO0606,121.5,115.0,2
PSO0610,128.24,115.0,3
PSO0703,156.76,115.0,1
PSO0704,144.92,115.0,2
PSO0705,138.15,115.0,3
PSO0708,132.76,115.0,3
PSO0709,146.81,133.0,1
PSO0801,142.83,,0
PSO0802,132.54,133.0,1
PSO0808,135.42,119.5,4
PSO0809,133.3,115.0,2
PSO0902,149.38,,0
PSO0903,131.27,124.0,2
PSO0904,164.45,115.0,1
PSO0905,126.81,115.0,2
PSO0906,138.52,121.0,3
PSO0908,123.0,124.0,2
PSO0909,165.0,151.0,3
PSO0910,121.6,115.0,2
PSO1003,153.79,,0
PSO1004,141.46,,0
PSO1005,142.53,115.0,3
PSO1006,131.36,133.0,1
PSO1009,124.58,115.0,1
PSOA0407,123.55,122.2,5
PSOA0512,124.24,115.0,3
PSOA0607,142.06,115.0,1
PSOA0707,124.89,124.0,2
PSOA0807,138.14,115.0,3
PSOA0912,122.39,115.0,2
PSOA1007,131.83,115.0,2
PSOA1101,144.0,115.0,2
PSOA1102,123.0,124.0,4
PSOA1103,137.91,115.0,3
PSOB0407,130.23,,0
PSOB0512,140.2,,0
PSOB0607,142.89,121.0,3
PSOB0707,133.68,124.0,2
PSOB0807,122.61,115.0,2
PSOB0912,129.67,115.0,2
PSOB1007,139.0,122.2,5
PSOB1101,132.64,115.0,2
PSOB1102,121.0,115.0,3
PSOB1103,140.05,115.0,1
PST1409,173.2,167.0,3
PSV000,,,0
PTA0104,134.11,127.2,5
PTB0105,145.25,115.0,2
PTG0030,906.5,800.0,5
PTJ203,308.55,270.0,3
PTR0003,248.0,231.6,5
PTR0012,167.6,195.0,2
PTS0101,158.0,182.0,3
PTZ0166,129.11,127.2,5
PUQ0208,184.65,183.6,5
PVE0302,131.61,122.0,4
PVG0501,180.05,,0
PZD0403,203.0,140.0,2
PZO0905,200.71,190.8,5
PZO0907,217.78,130.0,3
QLR0004,220.0,,0
QSA1405,260.69,229.0,1
QSPB005,324.5,180.0,3
QTIB0301,134.17,130.6,5
QUI0090,159.82,176.0,1
QUI0225,196.36,180.0,3
RAA0301,178.8,,0
RAE0126,130.88,,0
RAG0406,119.35,110.0,2
RAH1019,125.23,,0
RAK0331,230.29,203.0,2
RAL0303,138.61,140.0,3
RAL203,123.89,,0
RAL204,129.57,138.0,3
RAN203,387.25,,0
RAO1520,248.96,,0
RAP0306,149.95,120.0,1
RAP308,183.96,198.0,3
RAS175,454.0,276.0,1
RAT001,316.17,195.0,3
RBA201,109.8,,0
RBE0031,237.18,,0
RBF142,126.04,110.0,1
RBH806,168.88,,0
RBM207,400.0,400.0,5
RBN1104,223.76,200.0,3
RBR0003,144.0,160.2,5
RCA264,1471.42,600.0,2
RCB405,152.4,120.0,2
RCF160,287.78,,0
RCI0201,135.0,141.8,5
RCP202,149.6,195.4,5
RCS701,208.4,155.0,2
RCX1105,205.79,185.0,2
RCX1807,227.5,250.0,2
RDD657,310.65,,0
RDK0801,260.86,802.0,3
RDM0101,134.68,,0
RDO0025,147.86,,0
RDS001,258.8,162.0,1
RDS002,217.22,150.67,3
RDS003,216.69,100.0,3
RDT0124,874.5,851.0,1
RDT1004,135.0,140.0,2
REALOCAÇÃO,,,0
REALOCAÇÃO4,,,0
REALOCAÇÃO5,,,0
REALOCAÇÃO6,,,1
REH0203,183.59,194.0,2
REI0206,132.5,216.0,3
REK0001,122.08,110.0,1
REK0002,113.0,104.4,5
RES201,196.0,196.0,5
RFA303,130.82,130.0,1
RFE000,800.0,800.0,1
RFL203,148.84,148.0,3
RFM0001,148.89,149.0,1
RFM0005,154.18,306.0,3
RFM0007,153.96,167.0,2
RFM0012,152.65,,0
RFM0017,170.13,154.8,5
RFM0019,,250.0,5
RFM0021,167.29,167.0,2
RFM0023,211.11,249.4,5
RFM0024,156.72,154.8,5
RFM0025,216.71,267.0,4
RFM0027,151.82,150.0,3
RFM0035,175.84,164.0,2
RFM0039,150.31,234.0,3
RFMB0011,143.5,149.0,1
RFO0102,137.78,120.0,1
RFS205,148.83,153.0,3
RFT505,146.28,,0
RFY0025,188.29,,0
RGB001,390.0,390.0,4
RGB002,390.0,390.0,4
RGB003,,390.0,4
RGB004,,390.0,4
RGF0410,166.0,162.0,2
RGF0711,174.33,,0
RGF1201,178.46,174.0,3
RGF1211,164.89,,0
RGF1406,168.61,162.0,2
RGL0304,414.44,350.0,1
RGN0203,149.88,130.0,1
RGO0502,128.11,,0
RGO702,131.17,120.0,3
RGOA701,126.0,,0
RGOB701,174.69,,0
RGOR0025,109.05,105.0,3
RGP0107,126.0,117.0,2
RGP208,145.06,138.0,2
RGP302,188.63,198.0,3
RGV115,145.56,115.0,3
RHE101,97.71,,0
RHE201,119.37,,0
RHI206,119.62,,0
RHL0302,250.42,200.0,2
RHL0305,219.44,200.0,2
RIB0201,118.89,100.0,1
RID3106,127.32,127.0,1
RIE0315,190.87,175.0,2
RIG0102,479.0,,0
RIS845,322.29,160.0,2
RIT0201,541.41,,0
RIT206,550.0,345.0,1
RIV101,326.46,,0
RJE0980,389.67,,0
RJF001,585.0,,0
RJF002,578.0,500.0,3
RJF006,,552.0,5
RJH0101,255.85,250.0,1
RJI0046,159.76,134.0,1
RJI011,149.75,144.0,4
RJI022,143.73,134.0,2
RJT0104,132.45,126.0,3
RJU8301,115.53,128.33,3
RLA0201,307.35,180.0,3
RLI0101,146.0,,0
RLN0104,190.8,175.0,3
RLN0105,161.0,,0
RLN204,197.0,184.0,3
RLU0302,422.67,302.0,3
RLV0206,285.6,,0
RLZ0301,,221.0,1
RMA101,135.88,111.0,2
RMC203,123.55,,0
RME047,182.67,156.8,5
RMH1511,202.63,162.0,3
RMI0007,149.59,140.0,1
RMI201,165.8,145.4,5
RML605,265.64,228.0,2
RMM0318,132.47,119.0,2
RMO0602,168.31,,0
RNA0303,308.55,234.0,1
RNC0202,129.25,132.0,3
RNE0301,199.57,155.0,3
ROB203,,528.0,5
ROE210,200.68,,0
ROI009,597.42,1000.0,2
ROR0001,135.62,,0
ROR0002,117.58,,0
ROT1001,127.7,120.0,2
ROY0401,230.0,212.0,3
RPB037,149.94,114.0,1
RPB038,246.52,,0
RPC0305,160.95,133.0,2
RPC301,155.42,144.0,1
RPF0605,197.48,170.0,2
RPN0101,212.85,,0
RPP0678,152.68,133.0,1
RPR056,168.2,,0
RPS0460,219.07,211.5,4
RPV0308,146.64,118.5,2
RPV102,179.29,171.2,5
RRA0103,341.43,318.0,5
RRA0205,149.45,,0
RRB0202,158.8,140.75,4
RRC0206,125.33,120.0,3
RRC0207,138.0,127.2,5
RRF2562,230.27,,0
RRI103,282.82,252.0,1
RRT0098,126.0,103.75,4
RSA025,116.85,119.0,1
RSC0102,117.37,,0
RSJ0202,,160.0,5
RSL0502,196.82,180.0,1
RSM0023,272.3,200.0,3
RSM0024,,,0
RSM0029,,,0
RSN301,125.37,124.5,4
RSR0614,231.71,,0
RSR0812,243.32,,0
RST0206,245.62,,0
RSU3842,163.86,140.0,1
RTA042,162.91,125.0,1
RTBA1361,165.14,,0
RTBB1361,99.0,117.4,5
RTG101,206.19,207.75,4
RTG208,176.84,182.0,3
RTL0302,158.8,,0
RTO0502,222.75,150.0,2
RTQ0009,233.33,401.0,5
RTS0503,158.57,140.0,2
RTS0903,158.81,140.0,1
RTT1905,253.67,,0
RUA0226,159.75,140.0,1
RUC0001,102.62,90.0,2
RUC0002,95.93,95.6,5
RUC0003,95.54,104.0,2
RUD0047,618.67,,0
RUL0035,267.73,246.0,5
RUP0101,132.88,126.0,3
RUP0203,127.68,132.0,3
RUP0603,128.25,133.2,5
RUP0804,141.28,,0
RUP0805,149.0,126.0,3
RUP1005,140.96,130.5,4
RUP1405,132.91,133.0,1
RVC0703,270.25,240.0,2
RVG0207,229.29,200.0,2
RVG101,229.53,,0
RVG208,183.4,180.25,4
RVL118,103.67,97.0,2
RVL1183,95.46,90.0,2
RVM0203,226.77,242.0,3
RVN2003,153.0,130.0,2
RVO401,685.18,591.0,1
RVP0502,123.57,115.2,5
RVR0506,172.12,161.0,2
SAT0012,298.79,234.0,2
SBA0401,157.73,138.0,5
SBG003,130.5,122.0,2
SBN0705,145.83,145.25,4
SCE114,218.75,,0
SCO0003,103.28,116.0,2
SCO0004,124.0,114.8,5
SCO0005,149.15,,0
SCO0008,127.77,138.0,1
SCO0009,110.35,127.4,5
SCO0011,104.45,114.8,5
SCO0012,125.24,,0
SCO0014,141.1,,0
SCO0015,,127.4,5
SCO0016,135.0,123.0,2
SDA311,194.14,162.5,4
SDN042,243.53,210.0,1
SDO206,224.29,180.0,2
SDP0206,286.64,161.0,1
SDR0003,141.0,131.0,2
SDR001,135.83,144.0,3
SDR002,130.45,144.0,1
SDR005,118.0,138.2,5
SDR006,116.0,131.0,1
SDR007,114.28,115.6,5
SDR008,115.0,118.0,2
SDR009,128.0,118.0,3
SDR010,,,0
SDS104,220.83,167.0,3
SEM501,159.35,167.0,1
SEO0702,330.54,,0
SFR0302,102.36,110.0,2
SGA202,184.07,,0
SGS0106,151.26,136.67,3
SHA0104,112.67,,0
SHC0506,212.83,,0
SHC0606,187.27,165.0,3
SHC0703,223.25,140.0,3
SHC0801,211.23,1094.0,1
SHC0905,241.33,165.0,2
SHC1103,200.96,161.0,1
SHC1106,300.0,300.0,5
SHL0105,174.27,179.6,5
SHR103,254.39,,0
SHR5231,337.1,,0
SHT1701,152.04,122.0,1
SID0209,127.6,116.8,5
SIP0709,190.0,190.0,3
SIR0501,139.35,,0
SIS0005,115.67,116.5,4
SJE0103,105.63,,0
SJS0001,95.89,90.0,3
SJS0002,96.07,90.0,2
SJS0003,96.93,100.8,5
SJS0004,98.45,100.8,5
SKC0414,234.0,,0
SKL0507,236.5,180.0,2
SKL0905,174.63,180.4,5
SKL1204,,180.4,5
SKL1307,279.4,180.0,1
SKL1604,206.38,,0
SLC0101,80.0,80.0,5
SLC0102,81.5,80.0,5
SLC0103,,80.0,5
SLC0104,87.23,,0
SLC0201,80.0,80.0,5
SLC0202,84.16,80.0,2
SLC0203,83.3,80.0,1
SLC0204,80.58,80.0,4
SLI0703,,159.2,5
SLI0704,177.6,130.0,2
SLI0715,286.04,193.5,2
SLV0011,147.82,131.0,3
SMA0107,178.77,165.0,1
SMA0916,174.79,183.33,3
SMB0307,124.3,,0
SMO0202,123.43,120.0,1
SMT0505,226.86,,0
SMT0529,168.59,164.0,1
SMT0713,173.0,169.0,1
SMT0805,233.3,,0
SMT0930,166.44,169.0,1
SMT0931,187.58,227.0,3
SMT1029,229.67,,0
SMZ407,243.42,230.0,2
SOA0107,138.0,118.0,2
SOA0111,211.08,,0
SOA0205,161.75,153.0,2
SOA0301,220.0,184.0,2
SOA0406,137.29,131.0,1
SOA0506,135.17,131.0,1
SOA0510,164.1,227.0,5
SOA0602,192.27,173.0,2
SOA0608,177.28,174.0,2
SOA0610,189.67,205.0,1
SOA0705,137.42,,0
SOA0907,136.23,169.0,4
SOA0908,183.35,227.0,2
SOA0909,232.22,173.0,1
SOA0910,186.88,227.0,2
SOA0912,231.07,,0
SOH1102,202.22,160.0,3
SOL0404,163.48,162.0,4
SOT0202,169.08,195.75,4
SOT0203,177.95,184.0,4
SOT0303,174.26,,0
SOV0002,211.25,,0
SOV0005,214.25,,0
SOV0103,211.25,200.0,1
SPA309,166.32,173.0,5
SPB0502,312.89,250.0,1
SPB0605,293.96,,0
SPI0811,312.76,200.0,1
SPJ0101,186.27,130.0,2
SPJ0102,186.0,130.0,2
SPJ0104,210.33,130.0,3
SPJ0105,186.46,,0
SPJ0106,229.46,149.0,2
SPJ0201,180.63,130.0,1
SPJ0202,187.14,130.0,3
SPJ0203,160.87,130.0,1
SPJ0204,184.96,,0
SPJ0205,168.18,130.0,1
SPJ0301,173.79,,0
SPJ0302,169.22,,0
SPJ0303,176.5,130.0,1
SPJ0304,184.62,149.0,1
SPJ0305,174.14,135.0,3
SPJ0401,167.26,130.0,1
SPJ0402,165.24,132.0,2
SPJ0403,177.52,,0
SPJ0404,159.32,175.0,1
SPJ0405,193.04,130.0,1
SPJ0501,185.46,135.0,3
SPJ0502,179.48,,0
SPJ0503,157.26,,0
SPJ0504,181.36,,0
SPJ0505,195.79,,0
SPL0342,335.0,335.0,5
SPT0006,103.67,100.0,5
SPT0101,100.0,100.0,5
SPT0102,100.71,100.0,5
SPT0103,104.38,100.0,5
SPT0104,,100.0,5
SPT0105,117.52,,0
SPT0107,100.0,100.0,5
SPT0109,103.6,100.0,3
SPT0110,101.67,100.0,4
SPT0203,105.21,100.0,1
SPT0204,101.89,100.0,1
SPT0205,100.0,100.0,5
SPT0208,100.0,100.0,5
SPT0301,102.14,100.0,5
SPT0303,100.0,100.0,5
SPT0304,,100.0,5
SPT0407,111.87,100.0,5
SPT0501,103.67,100.0,5
SPT0505,,100.0,5
SPT0507,110.04,100.0,1
SPZ0610,357.59,,0
SQC0810,272.76,,0
SQS0108,,181.8,5
SRE0201,276.47,250.25,4
SRL002,115.5,110.0,1
SRO0002,216.82,,0
SRR0007,135.33,176.2,5
SSG0102,212.29,182.33,3
SSG0107,209.1,225.8,5
SSG0125,165.3,169.0,3
SSG0207,213.73,225.8,5
SSG0225,204.1,184.6,5
SSG0304,227.69,219.5,4
SSG0305,226.88,209.0,3
SSG0313,233.5,205.2,5
SSG0317,213.67,209.0,3
SSG0320,182.82,171.0,2
SSG0412,204.58,190.0,3
SSG0424,210.5,,0
SSL0211,350.0,350.0,5
SSL303,251.32,196.0,1
SSN0304,128.86,162.0,4
STA0305,264.12,202.0,2
STCY101,105.93,103.8,5
STCY102,97.29,106.0,2
STCY201,104.97,,0
STCY202,99.26,,0
STE0312,155.89,186.0,5
STG2085,354.14,320.0,3
STI102,129.82,,0
STI105,137.78,,0
STI108,144.47,,0
STI209,148.48,119.0,1
STI210,147.9,,0
STL0702,260.0,260.0,5
STL401,209.65,,0
STM0500,294.5,252.0,1
STN0404,174.15,198.25,4
STN205,250.0,250.0,3
STO2206,504.45,,0
STP0903,169.0,130.0,1
STP1106,132.26,110.0,1
STU309,242.26,209.0,1
SVE401,261.1,269.0,3
SVE407,207.93,205.2,5
SVE508,186.0,237.0,3
SVM1409,167.5,179.0,3
SVN0401,334.0,,0
SVO0506,140.0,138.0,1
SVS0219,179.93,215.2,5
SWR1502,249.43,,0
SYH334,246.86,160.0,2
SZT0375,244.67,250.0,2
TAB0140,179.37,150.0,2
TAH0602,164.53,,0
TAI025,,,0
TAN0000,135.09,160.0,3
TBS106,289.68,330.0,3
TBS1105,299.65,300.0,3
TCO0210,128.75,125.0,3
TCO0213,136.08,127.5,2
TCO0312,142.92,131.0,4
TCO0316,130.55,,0
TCO0409,130.94,120.0,2
TCO0501,157.82,120.0,1
TCO0507,133.43,120.0,1
TCO0511,177.13,,0
TCO0512,123.95,,0
TCO0611,130.64,,0
TCO0612,126.38,,0
TCO0614,148.25,,0
TCO0615,128.0,,0
TCO0709,139.5,,0
TCO0712,137.44,,0
TCO0802,,,0
TCO0811,124.58,153.0,2
TCO0815,125.35,120.0,1
TCO0914,127.85,120.0,1
TCO1003,128.5,125.0,2
TCO1005,131.08,120.0,1
TCO1008,138.65,120.0,2
TCO1013,137.85,,0
TCO1014,129.33,120.0,2
TCO1103,154.72,120.0,3
TCO1104,139.33,139.0,2
TCO1106,130.32,123.75,4
TCO1115,130.23,125.0,2
TCO1117,140.89,143.0,1
TCO1210,123.81,120.0,1
TCO1215,162.21,,0
TCO1216,125.14,,0
TCR0113,136.64,,0
TCR0913,129.68,149.0,2
TDB0101,178.67,170.0,2
TDE0587,196.26,,0
TFL002,95.0,90.0,2
THK0202,153.61,,0
THK0502,157.96,130.0,2
THK1902,163.27,130.0,2
THO2614,181.18,171.0,3
THO2707,207.12,158.0,3
THO2708,202.15,176.0,3
TMHB102,280.0,280.0,3
TML501,,333.0,5
TPS0206,139.94,115.0,1
TPS0308,170.39,,0
TPS101,130.78,115.0,2
TPS103,131.05,130.0,4
TPS104,120.72,122.0,1
TPS105,133.5,,0
TPS106,133.47,,0
TPS107,150.19,149.0,1
TPS108,120.27,,0
TPS201,135.04,127.0,2
TPS202,134.9,,0
TPS203,135.38,110.0,2
TPS204,132.05,151.0,1
TPS205,122.55,110.0,2
TPS207,139.58,,0
TPS208,150.55,115.0,2
TPS209,177.88,122.0,1
TPS210,188.0,,0
TPS211,143.41,146.0,1
TPS212,131.39,134.0,3
TPS302,136.95,,0
TPS303,140.25,149.4,5
TPS306,137.87,135.0,2
TPS307,131.0,,0
TPS310,131.89,,0
TPS311,121.45,,0
TPS312,131.88,122.0,3
TPZ0403,213.46,184.0,3
TPZ0426,192.76,184.0,2
TRA0014,297.0,342.0,5
TRC0410,158.25,,0
TRC0507,145.0,138.0,3
TRN0401,148.38,,0
TRO0154,209.92,162.0,1
TRS0001,132.68,,0
TRS0002,106.2,111.0,1
TRS0003,125.54,120.5,2
TRS0004,136.92,115.67,3
TRS0005,107.87,104.4,5
TRS0006,126.84,118.25,4
TSF1302,303.0,180.0,2
TSO0311,270.5,250.0,1
TSO0403,184.25,,0
TSO0501,168.0,150.0,1
TSO0602,298.5,,0
TSR0501,169.83,130.0,1
TVT1008,243.58,225.0,3
TVT1009,244.0,231.0,1
TVT904,258.59,222.0,1
TXP0206,198.39,187.25,4
TXP0207,188.35,216.2,5
TXP0304,185.16,196.0,3
TXP0311,254.06,215.0,3
TXP0314,360.65,300.0,2
TXP0505,172.33,196.0,3
TXP0604,189.88,242.6,5
TXP0605,185.05,196.0,3
TXP0606,188.46,159.0,2
TXP0608,184.24,216.2,5
TXP0609,191.55,176.0,2
TXP0807,188.74,196.0,3
TXP0903,188.43,,0
TXP0919,283.46,263.0,2
TXP1004,181.96,196.0,3
TXP1007,185.82,196.0,2
TXP1101,282.83,263.0,2
TXP1304,185.5,,0
TXP1305,168.62,,0
TXP1405,193.96,196.5,4
TXP1406,221.95,196.0,3
TXP1410,202.62,207.0,1
TXP1505,189.96,,0
TXP1607,198.85,,0
TXP1803,199.25,196.0,2
TXP1804,188.52,216.2,5
TXP1905,185.17,186.0,1
TXP1912,295.41,263.0,3
TXP1916,222.0,,0
TXP2107,180.2,,0
TXP2206,184.54,196.0,3
TZS210,267.2,268.0,5
UAR301,148.92,140.0,1
UCR0505,,,0
UMC002,,,0
UML0101,171.47,227.0,3
UML0103,155.31,,0
UML0104,157.05,130.0,1
UNI0402,124.9,127.2,5
UPS1002,225.82,163.5,4
URA0015,193.53,131.0,2
URB1110,129.2,123.0,4
VAC0201,124.71,400.0,5
VAC0601,,,0
VAC0603,134.26,144.0,1
VAC0708,127.59,131.0,1
VAC0906,137.2,126.0,1
VAC2205,120.89,131.0,2
VAC5604,170.42,144.0,3
VAM0504,171.5,168.0,3
VAR0302,162.56,130.0,3
VAS1009,195.59,162.0,1
VBM1313,187.4,,0
VBP1805,302.88,224.33,3
VBP1807,310.57,235.25,4
VBX1518,325.33,306.5,4
VCE1102,156.89,140.0,3
VCM005,120.15,110.0,2
VDB0201,271.58,225.0,2
VDE101,,120.0,1
VDG114,137.18,154.0,5
VDI0401,351.94,,0
VDI208,184.1,,0
VDL0010,833.08,500.0,1
VDM101,96.89,,0
VDM303,107.09,,0
VDO102,,,0
VDP0027,180.89,135.0,2
VDP0029,251.86,239.4,5
VDR0202,561.54,333.0,3
VDT0401,450.0,450.0,2
VDV0014,128.81,,0
VEC112,106.74,,0
VEC114,102.64,110.0,1
VEC115,134.46,110.0,1
VEC117,124.59,,0
VEC120,105.3,,0
VEC121,102.07,110.0,1
VEC213,105.93,110.0,2
VEC311,110.56,110.0,1
VEL0102,137.05,128.75,4
VENB504,150.9,149.0,1
VFI0103,210.17,175.0,3
VFR504,215.38,,0
VFR505,188.0,188.0,3
VGA1002,204.94,180.0,3
VGC0005,169.54,150.0,3
VGL041,171.0,194.0,5
VGN0102,150.65,,0
VGT0004,120.2,115.67,3
VGT025,127.62,110.0,2
VGZ0001,175.66,110.0,1
VGZ0002,161.65,110.0,3
VGZ0003,149.0,126.0,3
VGZ0004,127.75,110.0,1
VGZ0005,132.89,110.0,2
VGZ0006,140.69,158.0,1
VGZ0007,175.33,126.0,3
VHB1104,147.88,140.0,2
VIC0203,266.29,237.0,2
VIC0401,585.19,,0
VIF0104,,321.6,5
VIG0011,178.13,184.0,1
VIL0001,106.5,90.0,3
VIL0002,97.0,90.0,1
VIL0003,,95.6,5
VIM0602,245.23,180.0,2
VIN202,197.33,,0
VJG0102,180.0,,0
VJGM0102,123.33,110.0,2
VKA0115,327.43,327.0,5
VLA,128.64,138.0,1
VLD1002,676.85,500.0,2
VLE001,198.0,198.0,5
VLE002,,198.0,5
VLE003,,198.0,5
VLE004,,198.0,5
VLE005,198.0,198.0,5
VLE006,,198.0,5
VLE007,,198.0,5
VLE008,198.0,198.0,1
VLJ204,,560.0,5
VLL0001,420.0,420.0,5
VLL0002,,420.0,5
VLL0009,,420.0,5
VLL0101,,420.0,5
VLL0105,500.0,420.0,1
VLL0107,,420.0,5
VLO0414,410.0,410.0,2
VLO0504,328.24,,0
VLO0514,243.67,248.0,3
VLP0105,289.29,250.0,3
VLP0109,282.33,250.0,2
VLP0111,304.0,250.0,3
VLP0222,226.58,186.75,4
VLPC0103,289.15,,0
VLPD0223,205.52,180.0,1
VLPF0103,286.64,250.0,3
VLR301,157.0,150.0,1
VLR403,149.95,130.0,2
VLR801,174.45,142.8,5
VLR802,142.5,,0
VLRY705,144.74,137.67,3
VLT0107,128.86,126.5,4
VMA101,286.95,,0
VNO1417,153.06,130.0,3
VNR005,208.46,228.2,5
VNT1011,187.73,180.0,4
VNU1405,196.29,165.2,5
VNU1417,204.86,165.2,5
VNU1613,,165.2,5
VNV0801,150.5,140.0,3
VNV1301,157.25,140.0,2
VNVA0801,177.8,,0
VPD0605,239.11,,0
VPS111,157.25,159.0,1
VRA404,278.62,226.0,3
VRE102,111.8,,0
VRL0002,163.06,156.33,3
VRN302,298.75,,0
VST001,335.2,160.0,3
VST002,350.4,144.0,1
VST003,272.11,160.0,1
VST004,298.29,160.0,3
VST005,236.04,153.0,3
VST006,295.73,168.0,3
VST007,294.5,166.0,4
VST008,339.06,168.0,3
VST009,312.5,166.0,4
VST010,301.58,160.0,3
VST011,334.65,169.0,3
VST012,258.62,,0
VST013,372.5,169.0,3
VST014,311.31,160.0,3
VST015,317.79,160.0,3
VST016,349.0,160.0,1
VST017,293.25,166.0,4
VST018,311.92,160.0,3
VST019,343.1,166.0,4
VST020,296.5,160.0,3
VST021,312.78,166.0,4
VST022,306.77,160.0,2
VST023,286.75,160.0,2
VST024,333.67,160.0,3
VST025,302.4,176.0,3
VST027,278.9,160.0,1
VST028,340.72,178.0,1
VST031,362.3,175.25,4
VST032,284.14,178.0,1
VST033,455.29,160.0,3
VST034,297.88,160.0,3
VST035,276.92,,0
VST036,335.6,169.0,2
VST037,325.53,169.0,3
VST038,294.0,160.0,3
VST044,361.06,176.0,3
VTD0109,167.93,138.0,2
VTD0203,152.33,,0
VTD0302,215.0,350.0,2
VTD0310,161.23,,0
VTD0605,159.78,,0
VTD0606,156.35,138.0,2
VTD0703,167.36,,0
VTD0704,179.56,123.0,1
VTE0301,218.9,,0
VTL0103,141.47,,0
VTL0302,188.79,138.0,5
VTR0033,182.46,,0
VVA0490,1201.1,1000.0,2
VVP0027,272.8,243.0,1
WAL0714,234.46,,0
WBU2105,200.21,215.0,2
WBU2405,215.44,,0
WBU2407,216.44,229.0,2
WBU2607,233.04,263.0,1
WBU2615,232.77,229.0,2
WBU3015,185.81,,0
WEL0604,210.0,198.0,2
WPE0304,287.58,170.0,3
WSH0208,207.79,148.0,1
WSH0801,185.74,149.0,1
WTE0103,235.78,,0
YHD0105,204.71,,0
YHD112,,,0
YOU1203,254.48,200.0,1
YVD1301,251.25,,0
ZAH0811,288.67,,0
ZIO0201,123.38,119.2,5
ZNB1304,179.48,150.0,1
ZNB1406,,230.4,5
ZUC0703,193.43,130.0,2
